Thickness_m,Fiber_Curvature,PressureDrop_Pa,Capture_Efficiency
0.0,0.0,0.0,0.0
0.0,0.25,0.0,9.999999995999999e-07
0.0,0.5,0.0,1.9999999991999997e-06
0.0,0.75,0.0,2.9999999987999996e-06
0.0,1.0,0.0,3.9999999983999995e-06
0.0010204081632653062,0.0,9.232847308089402,0.8348201317335875
0.0010204081632653062,0.25,10.551524083125022,0.8348211317335871
0.0010204081632653062,0.5,12.30964259870837,0.8348221317335867
0.0010204081632653062,0.75,14.770783553344565,0.8348231317335862
0.0010204081632653062,1.0,18.462002953920475,0.8348241317335859
0.0020408163265306124,0.0,18.465694616178805,0.9727156111194907
0.0020408163265306124,0.25,21.103048166250044,0.9727166111194903
0.0020408163265306124,0.5,24.61928519741674,0.9727176111194898
0.0020408163265306124,0.75,29.54156710668913,0.9727186111194894
0.0020408163265306124,1.0,36.92400590784095,0.9727196111194891
0.0030612244897959186,0.0,27.69854192426821,0.99
0.0030612244897959186,0.25,31.65457224937507,0.99
0.0030612244897959186,0.5,36.928927796125116,0.99
0.0030612244897959186,0.75,44.3123506600337,0.99
0.0030612244897959186,1.0,55.38600886176143,0.99
0.004081632653061225,0.0,36.93138923235761,0.99
0.004081632653061225,0.25,42.20609633250009,0.99
0.004081632653061225,0.5,49.23857039483348,0.99
0.004081632653061225,0.75,59.08313421337826,0.99
0.004081632653061225,1.0,73.8480118156819,0.99
0.005102040816326531,0.0,46.164236540447014,0.99
0.005102040816326531,0.25,52.75762041562511,0.99
0.005102040816326531,0.5,61.548212993541846,0.99
0.005102040816326531,0.75,73.85391776672282,0.99
0.005102040816326531,1.0,92.31001476960238,0.99
0.006122448979591837,0.0,55.39708384853642,0.99
0.006122448979591837,0.25,63.30914449875014,0.99
0.006122448979591837,0.5,73.85785559225023,0.99
0.006122448979591837,0.75,88.6247013200674,0.99
0.006122448979591837,1.0,110.77201772352286,0.99
0.0071428571428571435,0.0,64.62993115662582,0.99
0.0071428571428571435,0.25,73.86066858187516,0.99
0.0071428571428571435,0.5,86.1674981909586,0.99
0.0071428571428571435,0.75,103.39548487341196,0.99
0.0071428571428571435,1.0,129.23402067744334,0.99
0.00816326530612245,0.0,73.86277846471522,0.99
0.00816326530612245,0.25,84.41219266500018,0.99
0.00816326530612245,0.5,98.47714078966696,0.99
0.00816326530612245,0.75,118.16626842675652,0.99
0.00816326530612245,1.0,147.6960236313638,0.99
0.009183673469387756,0.0,83.09562577280461,0.99
0.009183673469387756,0.25,94.9637167481252,0.99
0.009183673469387756,0.5,110.78678338837531,0.99
0.009183673469387756,0.75,132.93705198010107,0.99
0.009183673469387756,1.0,166.15802658528423,0.99
0.010204081632653062,0.0,92.32847308089403,0.99
0.010204081632653062,0.25,105.51524083125022,0.99
0.010204081632653062,0.5,123.09642598708369,0.99
0.010204081632653062,0.75,147.70783553344563,0.99
0.010204081632653062,1.0,184.62002953920475,0.99
0.011224489795918368,0.0,101.56132038898343,0.99
0.011224489795918368,0.25,116.06676491437526,0.99
0.011224489795918368,0.5,135.40606858579207,0.99
0.011224489795918368,0.75,162.47861908679022,0.99
0.011224489795918368,1.0,203.08203249312524,0.99
0.012244897959183675,0.0,110.79416769707284,0.99
0.012244897959183675,0.25,126.61828899750029,0.99
0.012244897959183675,0.5,147.71571118450046,0.99
0.012244897959183675,0.75,177.2494026401348,0.99
0.012244897959183675,1.0,221.54403544704573,0.99
0.01326530612244898,0.0,120.02701500516223,0.99
0.01326530612244898,0.25,137.1698130806253,0.99
0.01326530612244898,0.5,160.0253537832088,0.99
0.01326530612244898,0.75,192.02018619347933,0.99
0.01326530612244898,1.0,240.00603840096616,0.99
0.014285714285714287,0.0,129.25986231325163,0.99
0.014285714285714287,0.25,147.72133716375032,0.99
0.014285714285714287,0.5,172.3349963819172,0.99
0.014285714285714287,0.75,206.79096974682392,0.99
0.014285714285714287,1.0,258.4680413548867,0.99
0.015306122448979593,0.0,138.49270962134102,0.99
0.015306122448979593,0.25,158.27286124687532,0.99
0.015306122448979593,0.5,184.64463898062553,0.99
0.015306122448979593,0.75,221.56175330016845,0.99
0.015306122448979593,1.0,276.9300443088071,0.99
0.0163265306122449,0.0,147.72555692943044,0.99
0.0163265306122449,0.25,168.82438533000035,0.99
0.0163265306122449,0.5,196.95428157933392,0.99
0.0163265306122449,0.75,236.33253685351303,0.99
0.0163265306122449,1.0,295.3920472627276,0.99
0.017346938775510204,0.0,156.95840423751983,0.99
0.017346938775510204,0.25,179.37590941312538,0.99
0.017346938775510204,0.5,209.2639241780423,0.99
0.017346938775510204,0.75,251.1033204068576,0.99
0.017346938775510204,1.0,313.85405021664803,0.99
0.018367346938775512,0.0,166.19125154560922,0.99
0.018367346938775512,0.25,189.9274334962504,0.99
0.018367346938775512,0.5,221.57356677675062,0.99
0.018367346938775512,0.75,265.87410396020215,0.99
0.018367346938775512,1.0,332.31605317056847,0.99
0.01938775510204082,0.0,175.42409885369867,0.99
0.01938775510204082,0.25,200.47895757937548,0.99
0.01938775510204082,0.5,233.88320937545907,0.99
0.01938775510204082,0.75,280.6448875135468,0.99
0.01938775510204082,1.0,350.77805612448907,0.99
0.020408163265306124,0.0,184.65694616178806,0.99
0.020408163265306124,0.25,211.03048166250045,0.99
0.020408163265306124,0.5,246.19285197416738,0.99
0.020408163265306124,0.75,295.41567106689126,0.99
0.020408163265306124,1.0,369.2400590784095,0.99
0.02142857142857143,0.0,193.88979346987742,0.99
0.02142857142857143,0.25,221.58200574562545,0.99
0.02142857142857143,0.5,258.5024945728757,0.99
0.02142857142857143,0.75,310.18645462023585,0.99
0.02142857142857143,1.0,387.70206203232993,0.99
0.022448979591836737,0.0,203.12264077796686,0.99
0.022448979591836737,0.25,232.1335298287505,0.99
0.022448979591836737,0.5,270.81213717158414,0.99
0.022448979591836737,0.75,324.95723817358044,0.99
0.022448979591836737,1.0,406.1640649862505,0.99
0.023469387755102045,0.0,212.35548808605625,0.99
0.023469387755102045,0.25,242.6850539118755,0.99
0.023469387755102045,0.5,283.1217797702925,0.99
0.023469387755102045,0.75,339.72802172692496,0.99
0.023469387755102045,1.0,424.6260679401709,0.99
0.02448979591836735,0.0,221.58833539414567,0.99
0.02448979591836735,0.25,253.23657799500057,0.99
0.02448979591836735,0.5,295.4314223690009,0.99
0.02448979591836735,0.75,354.4988052802696,0.99
0.02448979591836735,1.0,443.08807089409146,0.99
0.025510204081632654,0.0,230.82118270223506,0.99
0.025510204081632654,0.25,263.7881020781256,0.99
0.025510204081632654,0.5,307.7410649677093,0.99
0.025510204081632654,0.75,369.26958883361414,0.99
0.025510204081632654,1.0,461.5500738480119,0.99
0.02653061224489796,0.0,240.05403001032445,0.99
0.02653061224489796,0.25,274.3396261612506,0.99
0.02653061224489796,0.5,320.0507075664176,0.99
0.02653061224489796,0.75,384.04037238695867,0.99
0.02653061224489796,1.0,480.0120768019323,0.99
0.02755102040816327,0.0,249.28687731841384,0.99
0.02755102040816327,0.25,284.8911502443756,0.99
0.02755102040816327,0.5,332.36035016512596,0.99
0.02755102040816327,0.75,398.81115594030325,0.99
0.02755102040816327,1.0,498.47407975585276,0.99
0.028571428571428574,0.0,258.51972462650326,0.99
0.028571428571428574,0.25,295.44267432750064,0.99
0.028571428571428574,0.5,344.6699927638344,0.99
0.028571428571428574,0.75,413.58193949364784,0.99
0.028571428571428574,1.0,516.9360827097734,0.99
0.02959183673469388,0.0,267.75257193459265,0.99
0.02959183673469388,0.25,305.9941984106256,0.99
0.02959183673469388,0.5,356.9796353625427,0.99
0.02959183673469388,0.75,428.3527230469923,0.99
0.02959183673469388,1.0,535.3980856636937,0.99
0.030612244897959186,0.0,276.98541924268204,0.99
0.030612244897959186,0.25,316.54572249375065,0.99
0.030612244897959186,0.5,369.28927796125106,0.99
0.030612244897959186,0.75,443.1235066003369,0.99
0.030612244897959186,1.0,553.8600886176142,0.99
0.031632653061224494,0.0,286.21826655077143,0.99
0.031632653061224494,0.25,327.09724657687565,0.99
0.031632653061224494,0.5,381.5989205599594,0.99
0.031632653061224494,0.75,457.8942901536815,0.99
0.031632653061224494,1.0,572.3220915715347,0.99
0.0326530612244898,0.0,295.4511138588609,0.99
0.0326530612244898,0.25,337.6487706600007,0.99
0.0326530612244898,0.5,393.90856315866785,0.99
0.0326530612244898,0.75,472.66507370702607,0.99
0.0326530612244898,1.0,590.7840945254552,0.99
0.0336734693877551,0.0,304.68396116695027,0.99
0.0336734693877551,0.25,348.20029474312577,0.99
0.0336734693877551,0.5,406.2182057573762,0.99
0.0336734693877551,0.75,487.4358572603706,0.99
0.0336734693877551,1.0,609.2460974793756,0.99
0.03469387755102041,0.0,313.91680847503966,0.99
0.03469387755102041,0.25,358.75181882625077,0.99
0.03469387755102041,0.5,418.5278483560846,0.99
0.03469387755102041,0.75,502.2066408137152,0.99
0.03469387755102041,1.0,627.7081004332961,0.99
0.03571428571428572,0.0,323.1496557831291,0.99
0.03571428571428572,0.25,369.30334290937583,0.99
0.03571428571428572,0.5,430.83749095479294,0.99
0.03571428571428572,0.75,516.9774243670598,0.99
0.03571428571428572,1.0,646.1701033872166,0.99
0.036734693877551024,0.0,332.38250309121844,0.99
0.036734693877551024,0.25,379.8548669925008,0.99
0.036734693877551024,0.5,443.14713355350125,0.99
0.036734693877551024,0.75,531.7482079204043,0.99
0.036734693877551024,1.0,664.6321063411369,0.99
0.03775510204081633,0.0,341.6153503993079,0.99
0.03775510204081633,0.25,390.40639107562583,0.99
0.03775510204081633,0.5,455.45677615220967,0.99
0.03775510204081633,0.75,546.5189914737489,0.99
0.03775510204081633,1.0,683.0941092950575,0.99
0.03877551020408164,0.0,350.84819770739733,0.99
0.03877551020408164,0.25,400.95791515875095,0.99
0.03877551020408164,0.5,467.76641875091815,0.99
0.03877551020408164,0.75,561.2897750270936,0.99
0.03877551020408164,1.0,701.5561122489781,0.99
0.039795918367346944,0.0,360.0810450154867,0.99
0.039795918367346944,0.25,411.5094392418759,0.99
0.039795918367346944,0.5,480.0760613496264,0.99
0.039795918367346944,0.75,576.060558580438,0.99
0.039795918367346944,1.0,720.0181152028985,0.99
0.04081632653061225,0.0,369.3138923235761,0.99
0.04081632653061225,0.25,422.0609633250009,0.99
0.04081632653061225,0.5,492.38570394833476,0.99
0.04081632653061225,0.75,590.8313421337825,0.99
0.04081632653061225,1.0,738.480118156819,0.99
0.04183673469387755,0.0,378.54673963166545,0.99
0.04183673469387755,0.25,432.6124874081259,0.99
0.04183673469387755,0.5,504.69534654704313,0.99
0.04183673469387755,0.75,605.6021256871271,0.99
0.04183673469387755,1.0,756.9421211107394,0.99
0.04285714285714286,0.0,387.77958693975484,0.99
0.04285714285714286,0.25,443.1640114912509,0.99
0.04285714285714286,0.5,517.0049891457514,0.99
0.04285714285714286,0.75,620.3729092404717,0.99
0.04285714285714286,1.0,775.4041240646599,0.99
0.04387755102040817,0.0,397.01243424784434,0.99
0.04387755102040817,0.25,453.715535574376,0.99
0.04387755102040817,0.5,529.3146317444599,0.99
0.04387755102040817,0.75,635.1436927938163,0.99
0.04387755102040817,1.0,793.8661270185804,0.99
0.04489795918367347,0.0,406.24528155593373,0.99
0.04489795918367347,0.25,464.267059657501,0.99
0.04489795918367347,0.5,541.6242743431683,0.99
0.04489795918367347,0.75,649.9144763471609,0.99
0.04489795918367347,1.0,812.328129972501,0.99
0.04591836734693878,0.0,415.4781288640231,0.99
0.04591836734693878,0.25,474.818583740626,0.99
0.04591836734693878,0.5,553.9339169418766,0.99
0.04591836734693878,0.75,664.6852599005055,0.99
0.04591836734693878,1.0,830.7901329264214,0.99
0.04693877551020409,0.0,424.7109761721125,0.99
0.04693877551020409,0.25,485.370107823751,0.99
0.04693877551020409,0.5,566.243559540585,0.99
0.04693877551020409,0.75,679.4560434538499,0.99
0.04693877551020409,1.0,849.2521358803418,0.99
0.047959183673469394,0.0,433.9438234802019,0.99
0.047959183673469394,0.25,495.92163190687603,0.99
0.047959183673469394,0.5,578.5532021392934,0.99
0.047959183673469394,0.75,694.2268270071945,0.99
0.047959183673469394,1.0,867.7141388342623,0.99
0.0489795918367347,0.0,443.17667078829135,0.99
0.0489795918367347,0.25,506.47315599000115,0.99
0.0489795918367347,0.5,590.8628447380019,0.99
0.0489795918367347,0.75,708.9976105605392,0.99
0.0489795918367347,1.0,886.1761417881829,0.99
0.05,0.0,452.4095180963807,0.99
0.05,0.25,517.0246800731261,0.99
0.05,0.5,603.1724873367101,0.99
0.05,0.75,723.7683941138836,0.99
0.05,1.0,904.6381447421031,0.99
