Thickness_m,Fiber_Curvature,Air_Velocity_ms,Pressure_Drop_Pa,Efficiency_Percentage,Safety_Status,Pleated_Pressure_Pa,score_eff,score_thin,score_safety,Hero_Score
0.005,0.1,2.5,15.24856559726453,97.99780890822956,PASS,5.0828551990881765,0.3304121757234315,0.999999968750001,0.9999999999712043,0.7768040481482122
0.005,0.2,2.5,16.377587537337064,98.00556775285862,PASS,5.459195845779021,0.8718782682652901,0.999999968750001,0.98916293753122,0.9536803915155038
0.005,0.3,2.5,18.04445403236403,98.00498800427049,PASS,6.01481801078801,0.8314193832530278,0.999999968750001,0.9731633048893915,0.9348608856308068
0.005,0.4,2.5,19.265308514773466,98.00157162450876,PASS,6.421769504924488,0.5930006638867873,0.999999968750001,0.9614447759694347,0.851481802868741
0.005,0.5,2.5,20.73197309746277,97.99983447356588,PASS,6.910657699154257,0.47177020005342163,0.999999968750001,0.9473668071568037,0.8063789919867421
0.005,0.6,2.5,23.0115819165942,98.00152176909484,PASS,7.6705273055314,0.5895214066703032,0.999999968750001,0.925485688433744,0.8383356879513494
0.005,0.7000000000000001,2.5,25.677061006151877,98.00512286964069,PASS,8.55902033538396,0.8408312259322341,0.999999968750001,0.8999007442437728,0.913577312975336
0.005,0.8,2.5,28.30886972963158,98.00646172908029,PASS,9.436289909877194,0.9342661410363097,0.999999968750001,0.8746389893972614,0.9363016997278574
0.005,0.9,2.5,31.94300437452776,98.00027489723855,PASS,10.647668124842587,0.502506024329492,0.999999968750001,0.8397562801564474,0.7807540910786468
0.006,0.1,2.5,18.40139722928592,98.003737006619,PASS,6.13379907642864,0.744116074253971,0.9687499697265635,0.9697371396615294,0.8942010612140212
0.006,0.2,2.5,19.83322275411992,98.00637733658368,PASS,6.6110742513733065,0.9283766462003752,0.9687499697265635,0.9559935780308381,0.9510400646525922
0.006,0.3,2.5,21.73948749962244,98.00329164148192,PASS,7.24649583320748,0.7130354002542666,0.9687499697265635,0.9376960504621318,0.8731604734809872
0.006,0.4,2.5,23.194844313126097,97.99968739933776,PASS,7.731614771042032,0.46150633843184785,0.9687499697265635,0.9237266207277705,0.7846609762953939
0.006,0.5,2.5,24.95774267996707,97.99885486625595,PASS,8.319247559989023,0.4034063949134264,0.9687499697265635,0.9068052138013696,0.7596538594804532
0.006,0.6,2.5,27.65908405229933,98.0014108332709,PASS,9.219694684099776,0.5817795340096638,0.9687499697265635,0.8808760408733423,0.8104685148698566
0.006,0.7000000000000001,2.5,30.90444795199093,98.0054109393443,PASS,10.301482650663644,0.8609347315768276,0.9687499697265635,0.8497249976800018,0.8931365663277977
0.006,0.8,2.5,34.22329792001486,98.0068310110852,PASS,11.407765973338286,0.9600372053899041,0.9687499697265635,0.8178685889993127,0.9155519213719266
0.006,0.9,2.5,38.48013874317439,98.00069556732124,PASS,12.826712914391464,0.531863305833756,0.9687499697265635,0.7770087543403952,0.7592073433002383
0.007,0.1,2.5,21.639406336923912,98.00670687157248,PASS,7.213135445641304,0.9513738875769335,0.9374999707031259,0.9386566923865576,0.9425101835555388
0.007,0.2,2.5,23.358062361542125,98.0056293093495,PASS,7.786020787180708,0.8761741079397832,0.9374999707031259,0.9221599512776593,0.9119446766401894
0.007,0.3,2.5,25.497918783034805,98.00115640743364,PASS,8.499306261011602,0.5640239311426875,0.9374999707031259,0.9016202639348007,0.8010480552602046
0.007,0.4,2.5,27.1883833614594,97.9979717984149,PASS,9.0627944538198,0.3417797847405251,0.9374999707031259,0.8853941220515066,0.7215579591650525
0.007,0.5,2.5,29.245643418341857,97.99817822927822,PASS,9.748547806113953,0.3561859648215482,0.9374999707031259,0.8656472465476623,0.7197777273574455
0.007,0.6,2.5,32.3603167314936,98.00146837873226,PASS,10.7867722438312,0.5857954561727624,0.9374999707031259,0.8357506537740892,0.7863486935499925
0.007,0.7000000000000001,2.5,36.17775998717808,98.00567511729476,PASS,12.05925332905936,0.8793709046680017,0.9374999707031259,0.799108433233812,0.8719931028683132
0.007,0.8,2.5,40.19026347377586,98.00704421642152,PASS,13.39675449125862,0.9749161552705621,0.9374999707031259,0.7605939019554196,0.8910033426430358
0.007,0.9,2.5,45.09894114865736,98.00090958985967,PASS,15.032980382885787,0.5467992857559704,0.9374999707031259,0.7134773273589772,0.7325921946060244
0.008,0.1,2.5,24.938022794514268,98.0074036500318,PASS,8.312674264838089,0.9999999302130512,0.9062499716796883,0.9069944976605899,0.9377481331844431
0.008,0.2,2.5,26.92717319364307,98.003856839636,PASS,8.975724397881024,0.7524788548704339,0.9062499716796883,0.8879013814750057,0.8488767360083759
0.008,0.3,2.5,29.295133658546437,97.99892113369722,PASS,9.765044552848812,0.4080309974415541,0.9062499716796883,0.8651722081057767,0.7264843924090064
0.008,0.4,2.5,31.222260606312503,97.9965876709978,PASS,10.407420202104168,0.24518575561046255,0.9062499716796883,0.8466744320028823,0.6660367197643444
0.008,0.5,2.5,33.57320286390731,97.99785083975186,PASS,11.191067621302437,0.3333384487217718,0.9062499716796883,0.824108610087397,0.6878990101629524
0.008,0.6,2.5,37.09329998375733,98.00169044056716,PASS,12.36443332791911,0.6012924740661021,0.9062499716796883,0.7903205047117189,0.7659543168191698
0.008,0.7000000000000001,2.5,41.47380014820065,98.00590767686596,PASS,13.824600049400217,0.8956005275464354,0.9062499716796883,0.7482737099458139,0.8500414030573126
0.008,0.8,2.5,46.18352169533692,98.00710866048531,PASS,15.394507231778974,0.9794135098483543,0.9062499716796883,0.7030668413547784,0.862910107627607
0.008,0.9,2.5,51.76955497254312,98.0009381400576,FAIL,17.25651832418104,0.5487917169555575,0.9062499716796883,0.6494485818079139,0.7014967568143865
0.009,0.1,2.5,28.27565830464961,98.00647200081744,PASS,9.425219434883203,0.9349829742306711,0.8749999726562507,0.8749577735355284,0.8949802401408168
0.009,0.2,2.5,30.519032186884147,98.00153508414223,PASS,10.173010728961382,0.5904506232007012,0.8749999726562507,0.8534244605190926,0.7729583521253481
0.009,0.3,2.5,33.11016255732362,97.9968635262578,PASS,11.036720852441206,0.26443685250441756,0.8749999726562507,0.828553162081094,0.6559966624139207
0.009,0.4,2.5,35.27662173893715,97.99564691247228,PASS,11.75887391297905,0.17953308859759567,0.8749999726562507,0.8077581247204253,0.6207637286580906
0.009,0.5,2.5,37.92200361339383,97.99788505918814,PASS,12.640667871131276,0.33572651876744913,0.8749999726562507,0.7823660862368791,0.6643641925535263
0.009,0.6,2.5,41.84047782244292,98.00205562643856,PASS,13.946825940814307,0.6267776817604146,0.8749999726562507,0.7447541070841933,0.7488439205002863
0.009,0.7000000000000001,2.5,46.77417833096023,98.00609482578976,PASS,15.591392776986744,0.908661079901579,0.8749999726562507,0.6973973475977042,0.8270194667185112
0.009,0.8,2.5,52.1818196781723,98.00703116093952,FAIL,17.393939892724102,0.974005053017205,0.8749999726562507,0.6454914059567358,0.8314988105433972
0.009,0.9,2.5,58.46692045049197,98.00080348746296,FAIL,19.488973483497322,0.5393947232335042,0.8749999726562507,0.5851630570613675,0.6665192509837075
0.01,0.1,2.5,31.63388418315793,98.00449747123542,PASS,10.544628061052643,0.7971865794715309,0.8437499736328132,0.842723410108873,0.8278866544044057
0.01,0.2,2.5,34.11567353804905,97.99906916522266,PASS,11.371891179349683,0.41836166592193264,0.8437499736328132,0.8189016354849755,0.693671091679907
0.01,0.3,2.5,36.92579116674048,97.99519504206911,PASS,12.30859705558016,0.14799843192691042,0.8437499736328132,0.7919283596566307,0.5945589217387848
0.01,0.4,2.5,39.33548038163791,97.99521057523248,PASS,13.111826793879302,0.14908244400259646,0.8437499736328132,0.7687986475085014,0.5872103550479704
0.01,0.5,2.5,42.277667989773605,97.99826207899524,PASS,14.092555996591202,0.36203758072616155,0.8437499736328132,0.7405576809800156,0.6487817451129968
0.01,0.6,2.5,46.58863230134894,98.00252818460142,PASS,15.529544100449646,0.6597560740562496,0.8437499736328132,0.6991783350497812,0.7342281275796146
0.01,0.7000000000000001,2.5,52.06519431365743,98.00621879884012,FAIL,17.355064771219144,0.9173127808145864,0.8437499736328132,0.6466108495321657,0.8025578679931885
0.01,0.8,2.5,58.168815696010725,98.00681888982577,FAIL,19.389605232003575,0.9591912996791342,0.8437499736328132,0.5880244539247108,0.7969885757455527
0.01,0.9,2.5,65.17079143710927,98.00052894913183,FAIL,21.723597145703092,0.5202355307873612,0.8437499736328132,0.5208150883523596,0.6282668642575113
0.011,0.1,2.5,34.99750097349575,98.00199174692833,PASS,11.665833657831916,0.6223197256529468,0.8124999746093757,0.810437301321006,0.7484190005277762
0.011,0.2,2.5,37.70271704620762,97.99678606891034,PASS,12.567572348735872,0.25903134056646887,0.8124999746093757,0.7844709365825634,0.6186674172528027
0.011,0.3,2.5,40.72854602026972,97.99405913943924,PASS,13.576182006756573,0.06872725330333349,0.8124999746093757,0.755427127635398,0.545551451849369
0.011,0.4,2.5,43.386644860001766,97.99529141759892,PASS,14.462214953333921,0.15472418608700064,0.8124999746093757,0.7299130237234979,0.5657123948066247
0.011,0.5,2.5,46.629704515945264,97.99893610239114,PASS,15.543234838648422,0.4090756169169786,0.8124999746093757,0.6987840981104173,0.6401198965455905
0.011,0.6,2.5,51.3286489289796,98.00306171319748,FAIL,17.109549642993198,0.6969894068502442,0.8124999746093757,0.6536806752284876,0.7210566855627025
0.011,0.7000000000000001,2.5,57.337562253809,98.00626011670224,FAIL,19.112520751269667,0.9201962283406159,0.8124999746093757,0.596003347103716,0.7762331833512359
0.011,0.8,2.5,64.13283567743453,98.00648019635476,FAIL,21.377611892478175,0.9355549157735887,0.8124999746093757,0.530778040336104,0.7596109769063562
0.011,0.9,2.5,71.86559437352119,98.00013878333397,FAIL,23.955198124507064,0.49300705024487557,0.8124999746093757,0.4565541604906523,0.5873537284483011
0.012,0.1,2.5,38.35450470081399,97.9993821644173,PASS,12.78483490027133,0.4402049246788108,0.7812499755859382,0.778214668869886,0.6665565230448783
0.012,0.2,2.5,41.26928428788216,97.9949306001592,PASS,13.75642809596072,0.1295438379101439,0.7812499755859382,0.7502367817600748,0.5536768650853857
0.012,0.3,2.5,44.508563498218805,97.99353281136943,PASS,14.836187832739602,0.031996423266136845,0.7812499755859382,0.7191441432408393,0.5107968473643049
0.012,0.4,2.5,47.42152527880789,97.995858660377,PASS,15.807175092935964,0.1943103287732893,0.7812499755859382,0.6911837045805388,0.5555813363132555
0.012,0.5,2.5,50.97123005821349,97.99983969879156,FAIL,16.990410019404496,0.4721348526100501,0.7812499755859382,0.6571114062729809,0.6368320781563231
0.012,0.6,2.5,56.05515079306409,98.0036032932501,FAIL,18.685050264354697,0.73478462622969,0.7812499755859382,0.6083127386049575,0.7081157801401953
0.012,0.7000000000000001,2.5,62.585996399382736,98.00619987335072,FAIL,20.861998799794247,0.9159920286556538,0.7812499755859382,0.545625576283714,0.7476225268417687
0.012,0.8,2.5,70.06648637013183,98.0060253365311,FAIL,23.35549545671061,0.9038116365680576,0.7812499755859382,0.47382313027502454,0.7196282474763401
0.012,0.9,2.5,78.54014596112376,97.9996580086133,FAIL,26.180048653707917,0.45945524944975213,0.7812499755859382,0.39248761780761277,0.544397614281101
0.013,0.1,2.5,41.69595826623075,97.99700566481064,PASS,13.898652755410248,0.2743562684082664,0.7499999765625007,0.7461412966496765,0.5901658472068145
0.013,0.2,2.5,44.80781327777193,97.99366533530784,PASS,14.935937759257309,0.04124486456463953,0.7499999765625007,0.7162717557069352,0.5025055322780251
0.013,0.3,2.5,48.25935486289633,97.99363115371274,PASS,16.086451620965445,0.03885943533913959,0.7499999765625007,0.6831416894570336,0.49066703378622467
0.013,0.4,2.5,51.43483602385574,97.99684461532496,FAIL,17.144945341285247,0.2631171162035436,0.7499999765625007,0.6526614247279886,0.5552595058313443
0.013,0.5,2.5,55.298586211691045,98.0008900106375,FAIL,18.432862070563683,0.5454329115817692,0.7499999765625007,0.6155747211379926,0.6370025364274209
0.013,0.6,2.5,60.76602380261767,98.00409780746554,FAIL,20.255341267539222,0.7692952644426702,0.7499999765625007,0.5630948175536723,0.6941300195196144
0.013,0.7000000000000001,2.5,67.80868311509408,98.0060219133474,FAIL,22.602894371698028,0.903572743022658,0.7499999765625007,0.4954949454839228,0.7163558883563604
0.013,0.8,2.5,75.96615025669291,98.0054670513575,FAIL,25.322050085564303,0.8648506177665028,0.7499999765625007,0.41719444694804225,0.6773483470923486
0.013,0.9,2.5,85.18725127072608,97.99911213813851,FAIL,28.39575042357536,0.42136061459827695,0.7499999765625007,0.32868452175734153,0.500015037639373
0.014,0.1,2.5,45.01577968869687,97.9951071551004,PASS,15.005259896232289,0.14186506854484787,0.7187499775390632,0.7142755633384608,0.524963536474124
0.014,0.2,2.5,48.313785694559854,97.99307432416178,PASS,16.10459523151995,0.0,0.7187499775390632,0.6826192281119866,0.46712306855034996
0.014,0.3,2.5,51.97748349509608,97.9943145793548,FAIL,17.325827831698692,0.08655362560119416,0.7187499775390632,0.6474527531158556,0.48425211875203766
0.014,0.4,2.5,55.424212457616505,97.9981527639588,FAIL,18.47473748587217,0.35440881787977624,0.7187499775390632,0.6143688814435865,0.5625092256208086
0.014,0.5,2.5,59.6108722968914,98.00199545435429,FAIL,19.870290765630468,0.6225784555985001,0.7187499775390632,0.5741826879934558,0.6385037070436731
0.014,0.6,2.5,65.46185944900229,98.00449219990831,FAIL,21.820619816334098,0.7968187096365056,0.7187499775390632,0.5180212345686466,0.6778633072480718
0.014,0.7000000000000001,2.5,73.0066684958133,98.00571476760987,FAIL,24.3355561652711,0.8821379791772374,0.7187499775390632,0.4456014136280577,0.6821631234481194
0.014,0.8,2.5,81.8313915190381,98.00482094476834,FAIL,27.277130506346037,0.8197608103373617,0.7187499775390632,0.3608961736111011,0.6331356538291754
0.014,0.9,2.5,91.8032081263776,97.99852682557206,FAIL,30.6010693754592,0.380513436516122,0.7187499775390632,0.2651804081523116,0.45481460740249896
0.015,0.1,2.5,48.310461491699954,97.9938420410746,PASS,16.103487163899985,0.05357662085472542,0.6874999785156256,0.6826511359010891,0.4745759117571467
0.015,0.2,2.5,51.7853834583098,97.9931701250273,FAIL,17.261794486103266,0.006685650093139168,0.6874999785156256,0.6492966500495524,0.44782742621943905
0.015,0.3,2.5,55.6621732321363,97.995498172687,FAIL,18.554057744045434,0.16915299282355292,0.6874999785156256,0.6120847843147278,0.4895792518846354
0.015,0.4,2.5,59.38976330294405,97.9996668032216,FAIL,19.796587767648017,0.460068998328913,0.6874999785156256,0.5763050311370228,0.5746246693271871
0.015,0.5,2.5,63.909420062919416,98.00306253873492,FAIL,21.30314002097314,0.6970470185893414,0.6874999785156256,0.5329225238741406,0.6391565069930358
0.015,0.6,2.5,70.14534423376884,98.00473943827588,FAIL,23.38178141125628,0.8140727209244347,0.6874999785156256,0.47306620291888907,0.6582129674529832
0.015,0.7000000000000001,2.5,78.18319362084264,98.0052732310453,FAIL,26.06106454028088,0.8513244895705832,0.6874999785156256,0.39591387079918555,0.6449127796284648
0.015,0.8,2.5,87.66430516202635,98.00410562513872,FAIL,29.221435054008783,0.769840836000214,0.6874999785156256,0.3049082010903557,0.5874163385353984
0.015,0.9,2.5,98.38724640635618,97.99792742575956,FAIL,32.79574880211873,0.3386831525162055,0.6874999785156256,0.20198266910501667,0.40938860004561595
0.016,0.1,2.5,51.57873740232627,97.99328251313852,FAIL,17.19291246744209,0.014528873451690268,0.6562499794921881,0.6512801688211417,0.44068634058834005
0.016,0.2,2.5,55.22309332433201,97.99390361386828,FAIL,18.407697774777336,0.05787359825232058,0.6562499794921881,0.6162993493361232,0.4434743090268773
0.016,0.3,2.5,59.314868518849096,97.99706259123444,FAIL,19.771622839616366,0.2783289898285852,0.6562499794921881,0.5770239183639743,0.5038676292282492
0.016,0.4,2.5,63.33358189981792,98.00126013965576,FAIL,21.111193966605974,0.5712630864118815,0.6562499794921881,0.5384497806150113,0.588654282173027
0.016,0.5,2.5,68.1972367255346,98.004002426413,FAIL,22.732412241844866,0.7626389118162633,0.6562499794921881,0.49176536363243584,0.6368847516469623
0.016,0.6,2.5,74.82062628053743,98.00480196046789,FAIL,24.940208760179143,0.8184359539344308,0.6562499794921881,0.42818990630581033,0.6342919465774765
0.016,0.7000000000000001,2.5,83.34301076194146,98.00469948715272,FAIL,27.78100358731382,0.811284653939939,0.6562499794921881,0.34638670170502556,0.6046404450457176
0.016,0.8,2.5,93.46884266484496,98.00334258945692,FAIL,31.156280888281653,0.7165909039747186,0.6562499794921881,0.24919260060412035,0.5406778280236757
0.016,0.9,2.5,104.9409322730986,97.9973384809235,FAIL,34.980310757699534,0.29758248942186843,0.6562499794921881,0.1390762716036828,0.3643029135059131
0.017,0.1,2.5,54.82121361420064,97.99342701196711,FAIL,18.27373787140021,0.02461300579791975,0.6249999804687505,0.6201568434710704,0.42325660991258013
0.017,0.2,2.5,58.62927914062914,97.99517590015014,FAIL,19.54309304687638,0.1466625758087101,0.6249999804687505,0.5836046362723281,0.45175573084992954
0.017,0.3,2.5,62.93876790515388,97.9988658674596,FAIL,20.97958930171796,0.40417413534852303,0.6249999804687505,0.542239453570418,0.5238045231292305
0.017,0.4,2.5,67.25924010921163,98.0028053073142,FAIL,22.419746703070544,0.6790956226129765,0.6249999804687505,0.5007688449101627,0.6016214826639632
0.017,0.5,2.5,72.47844324307414,98.00473688691206,FAIL,24.159481081024712,0.813894669028222,0.6249999804687505,0.45067165171921747,0.62985543373873
0.017,0.6,2.5,79.49268957774424,98.00465441926652,FAIL,26.497563192581413,0.808139503674754,0.6249999804687505,0.38334450527477615,0.6054946631394269
0.017,0.7000000000000001,2.5,88.49171353387172,98.004003712027,FAIL,29.497237844623907,0.7627286308949226,0.6249999804687505,0.2969662153141732,0.5615649422259488
0.017,0.8,2.5,99.25014717380492,98.00255584610736,FAIL,33.08338239126831,0.6616864861537645,0.6249999804687505,0.1937000050004099,0.4934621572076416
0.017,0.9,2.5,111.46756722366734,97.99678315022548,FAIL,37.155855741222446,0.25882765445595285,0.6249999804687505,0.07642952580372696,0.3200857202428101
0.018,0.1,2.5,58.039982136069085,97.99421218184156,FAIL,19.346660712023027,0.07940761559149181,0.5937499814453131,0.5892610794356051,0.4208062254908033
0.018,0.2,2.5,62.007741479019145,97.99685161165824,FAIL,20.66924715967305,0.26360536895587766,0.5937499814453131,0.5511760305802939,0.46951046032716154
0.018,0.3,2.5,66.53835223887478,98.0007554455668,FAIL,22.179450746291593,0.5360420258876946,0.5937499814453131,0.5076883799393631,0.5458267957574569
0.018,0.4,2.5,71.17128811354358,98.00418280661324,FAIL,23.723762704514527,0.7752270956077731,0.5937499814453131,0.4632185485107521,0.6107318751879461
0.018,0.5,2.5,76.75773374587533,98.0052033315526,FAIL,25.58591124862511,0.8464464172553459,0.5937499814453131,0.4095963309201293,0.6165975765402628
0.018,0.6,2.5,84.16676479541523,98.0042855813139,FAIL,28.05558826513841,0.7823994283755705,0.5937499814453131,0.3384797925661556,0.5715430674623464
0.018,0.7000000000000001,2.5,93.63511208562444,98.00320412153344,FAIL,31.21170402854148,0.7069276500945122,0.5937499814453131,0.24759664216355057,0.5160914245677919
0.018,0.8,2.5,105.01392930392367,98.00177128964728,FAIL,35.00464310130789,0.6069346846775199,0.5937499814453131,0.13837560020580553,0.4463534221095462
0.018,0.9,2.5,117.97161026231484,97.99628260701704,FAIL,39.32387008743828,0.22389627121749098,0.5937499814453131,0.01399963137878803,0.2772152946805307
0.019,0.1,2.5,61.23823321671843,97.99552654058613,FAIL,20.41274440557281,0.17113270194674193,0.5624999824218755,0.5585622547010588,0.4307316463565587
0.019,0.2,2.5,65.36328351561826,97.99877278105832,FAIL,21.787761171872756,0.39767791943251674,0.5624999824218755,0.5189674283557166,0.4930484434033697
0.019,0.3,2.5,70.11892774142876,98.00257980566064,FAIL,23.372975913809587,0.6633585502713788,0.5624999824218755,0.47331976502142575,0.5663927659048934
0.019,0.4,2.5,75.07478176716394,98.00528890989447,FAIL,25.024927255721312,0.8524186686149279,0.5624999824218755,0.4257503621479181,0.6135563377282405
0.019,0.5,2.5,81.03987984349051,98.00535867866242,FAIL,27.013293281163502,0.8572876180482303,0.5624999824218755,0.3684936003265951,0.5960937335989003
0.019,0.6,2.5,88.84780275925841,98.00369928670928,FAIL,29.615934253086138,0.7414837168467197,0.5624999824218755,0.29354824704203025,0.5325106487702085
0.019,0.7000000000000001,2.5,98.77868106746952,98.0023264589084,FAIL,32.92622702248984,0.6456782534546853,0.5624999824218755,0.19822543311774551,0.46880122299810206
0.019,0.8,2.5,110.76591118094876,98.0010158578604,FAIL,36.92197039364959,0.5542154052767836,0.5624999824218755,0.08316446165966343,0.3999599497861075
0.02,0.1,2.5,64.41988255629477,97.99722505873632,FAIL,21.473294185431588,0.2896671010569781,0.531249983398438,0.5280227839154793,0.44964662279029843
0.02,0.2,2.5,68.70130037031777,98.0007725784248,FAIL,22.90043345677259,0.5372376757713636,0.531249983398438,0.48692704384576246,0.5184715676718546
0.02,0.3,2.5,73.68620209587715,98.00419907890956,FAIL,24.562067365292382,0.7763626895172892,0.531249983398438,0.4390788228859451,0.5822304986005574
0.02,0.4,2.5,78.97485657794357,98.006042051384,FAIL,26.324952192647856,0.9049781151511801,0.531249983398438,0.3883149919882263,0.6081810301792815
0.02,0.5,2.5,85.32930025586595,98.00518186857332,FAIL,28.44310008528865,0.8449485814204036,0.531249983398438,0.3273210462863527,0.5678398703683981
0.02,0.6,2.5,93.54003259346766,98.00291443048488,FAIL,31.18001086448922,0.6867109957329859,0.531249983398438,0.24850927490937555,0.4888234180135998
0.02,0.7000000000000001,2.5,103.92710344133128,98.00140295366356,FAIL,34.64236781377709,0.58122964025613,0.531249983398438,0.14880763816385167,0.42042908727280653
0.02,0.8,2.5,116.5113616072331,98.00031651665586,FAIL,38.83712053574437,0.5054105164720929,0.531249983398438,0.028016016084303274,0.3548921719849447
0.021,0.1,2.5,67.58922707133412,97.99914384704124,FAIL,22.529742357111374,0.4235734821678761,0.4999999843750004,0.4976014225723183,0.47372496303839834
0.021,0.2,2.5,72.02740672284513,98.00268818427944,FAIL,24.00913557428171,0.6709219633872643,0.4999999843750004,0.4550009838242436,0.541974310528836
0.021,0.3,2.5,77.2459088438629,98.00549413862014,FAIL,25.748636281287634,0.866740955176141,0.4999999843750004,0.4049105193953356,0.5905504863154923
0.021,0.4,2.5,82.87636399498211,98.00638750997976,FAIL,27.625454664994038,0.9290866164711243,0.4999999843750004,0.3508658707729272,0.593317490539684
0.021,0.5,2.5,89.62971202068957,98.00467492755516,FAIL,29.87657067356319,0.8095707145633354,0.4999999843750004,0.28604299033463,0.5318712297576552
0.021,0.6,2.5,98.2466214644198,98.00196398373922,FAIL,32.74887382147327,0.6203822173972348,0.4999999843750004,0.20333247571398824,0.4412382258287411
0.021,0.7000000000000001,2.5,109.0839274632634,98.00047081441396,FAIL,36.36130915442113,0.5161784862100048,0.4999999843750004,0.09930919890934191,0.3718292231647824
0.022,0.1,2.5,70.75064049460545,98.00111419841043,FAIL,23.58354683153515,0.5610782922031013,0.4687499853515629,0.4672561888345269,0.4990281554630638
0.022,0.2,2.5,75.34711454477613,98.00437218268068,FAIL,25.115704848258712,0.7884430735219462,0.4687499853515629,0.42313634092238894,0.5601097999319661
0.022,0.3,2.5,80.80349193943445,98.00637375795893,FAIL,26.934497313144817,0.928126904897871,0.4687499853515629,0.37076260005581907,0.5892131634350843
0.022,0.4,2.5,86.78358162083444,98.00630019734244,FAIL,28.927860540278147,0.9229933339246862,0.4687499853515629,0.31336193938320733,0.5683684195531522
0.022,0.5,2.5,93.94387463549393,98.00386256347323,FAIL,31.314624878497977,0.7528783040061425,0.4687499853515629,0.2446329450791082,0.48875374481227124
0.022,0.6,2.5,102.96944702627984,98.0008931270022,FAIL,34.32314900875995,0.5456503931650603,0.4687499853515629,0.1579998265506399,0.39080006835575437
0.022,0.7000000000000001,2.5,114.2513476454562,97.99957034620218,FAIL,38.0837825484854,0.4533375572571087,0.4687499853515629,0.04970905104643961,0.3239321978850371
0.023,0.1,2.5,73.90831720407952,98.0029753136377,FAIL,24.636105734693174,0.6909598451994732,0.43749998632812537,0.436946822425176,0.5218022179842582
0.023,0.2,2.5,78.66556938893521,98.00570196761488,FAIL,26.221856462978405,0.8812447065827083,0.43749998632812537,0.3912837248889841,0.5700094725999393
0.023,0.3,2.5,84.36385843141127,98.0067795488186,FAIL,28.121286143803758,0.9564458108279495,0.43749998632812537,0.33658796392757717,0.576844587027884
0.023,0.4,2.5,90.70000447359048,98.00578547492876,FAIL,30.23333482453016,0.8870724272169007,0.43749998632812537,0.2757696504379882,0.5334473546610048
0.023,0.5,2.5,98.27343315040412,98.00279035870076,FAIL,32.757811050134706,0.678052404492822,0.43749998632812537,0.2030751202943809,0.43954250370510933
0.023,0.6,2.5,107.70898737965663,97.99975661830386,FAIL,35.90299579321888,0.4663369188723428,0.43749998632812537,0.1125067383090867,0.338781214503185
0.023,0.7000000000000001,2.5,119.43011352988506,97.99874280536262,FAIL,39.81003784329502,0.3955860070930053,0.43749998632812537,0.0,0.27769533114037687
0.024,0.1,2.5,77.06606954750436,98.00458515349344,FAIL,25.688689849168117,0.8033056567183423,0.4062499873046878,0.40663673003361184,0.538730791352214
0.024,0.2,2.5,81.9873500439291,98.0065867910055,FAIL,27.3291166813097,0.9429938312029137,0.4062499873046878,0.3593991856321227,0.5695476680465746
0.024,0.3,2.5,87.93120314805557,98.00668853054822,FAIL,29.310401049351857,0.9500939234568582,0.4062499873046878,0.30234634641150077,0.5528967523910157
0.024,0.4,2.5,94.62821972859908,98.00487803546103,FAIL,31.542739909533026,0.8237449955827885,0.4062499873046878,0.2380641706016159,0.4893530511630308
0.024,0.5,2.5,102.61886070776708,98.00152170298168,FAIL,34.20628690258903,0.5895167928346366,0.4062499873046878,0.16136497446271938,0.38571058486734794
0.024,0.6,2.5,112.46432692271313,97.99861556056128,FAIL,37.48810897423771,0.3867059806617379,0.4062499873046878,0.0668619995114343,0.2866059891592867
0.025,0.1,2.5,80.22718072767819,98.00582899556686,FAIL,26.74239357589273,0.8901095997579473,0.37499998828125025,0.37629439741510184,0.5471346618180998
0.025,0.2,2.5,85.3163326840324,98.00697222878554,FAIL,28.438777561344136,0.9698923578075206,0.37499998828125025,0.32744551719401815,0.5574459544275964
0.025,0.3,2.5,91.50890515237774,98.0061133141546,FAIL,30.50296838412591,0.9099513264715762,0.37499998828125025,0.2680053131362703,0.5176522092963656
0.025,0.4,2.5,98.56986271335975,98.00363899054447,FAIL,32.85662090445325,0.7372758314832887,0.37499998828125025,0.2002298029725571,0.43750187424569864
0.025,0.5,2.5,106.97949560841391,98.00013367619636,FAIL,35.659831869471304,0.4926506386941503,0.37499998828125025,0.11950885898878243,0.32905316198806095
0.025,0.6,2.5,117.2332702242679,97.99753376493008,FAIL,39.07775674142263,0.3112107643821037,0.37499998828125025,0.021086683286513603,0.2357658119832892
0.026,0.1,2.5,83.39431220514865,98.00662542411528,FAIL,27.798104068382884,0.9456899180555552,0.3437499892578128,0.3458942781979483,0.5451113951704388
0.026,0.2,2.5,88.65561711278116,98.00684199402104,FAIL,29.551872370927054,0.960803670971122,0.3437499892578128,0.29539296571136714,0.5333155419801007
0.026,0.3,2.5,95.09949183386492,98.00510001940434,FAIL,31.699830611288306,0.8392365776591036,0.3437499892578128,0.23354060462852183,0.4721757238484794
0.026,0.4,2.5,102.52564754908424,98.00215140089789,FAIL,34.175215849694744,0.633461489045559,0.3437499892578128,0.1622596929664265,0.3798237237565994
0.026,0.5,2.5,111.35366294426804,97.99871214473082,FAIL,37.117887648089344,0.3934462951521869,0.3437499892578128,0.07752285069336763,0.2715730450344558
0.027,0.1,2.5,86.5694617165817,98.00692963633392,FAIL,28.856487238860566,0.9669199605688301,0.31249999023437525,0.31541719684957803,0.5316123825509278
0.027,0.2,2.5,92.00750948981856,98.0062171744258,FAIL,30.66916982993952,0.9171994178954015,0.31249999023437525,0.26321939521394355,0.49763960111457345
0.027,0.3,2.5,98.70466299891775,98.00372416187416,FAIL,32.90155433297259,0.7432196787037018,0.31249999023437525,0.1989359050776889,0.41821852467192194
0.027,0.4,2.5,106.49546194868124,98.00051456396494,FAIL,35.49848731622708,0.5192316338825852,0.31249999023437525,0.1241549183853254,0.318628847500762
0.027,0.5,2.5,115.7388664263008,97.9973463725959,FAIL,38.57962214210027,0.2981332251590065,0.31249999023437525,0.035430910528083885,0.21535470864048856
0.028,0.1,2.5,89.75396553764716,98.0067341002173,FAIL,29.917988512549055,0.9532740916180623,0.2812499912109377,0.2848503269559444,0.5064581365949815
0.028,0.2,2.5,95.37355320084666,98.00515310784571,FAIL,31.79118440028222,0.8429414579970187,0.2812499912109377,0.2309099913153937,0.45170048017445
0.028,0.3,2.5,102.32536438933263,98.00208484823156,FAIL,34.108454796444214,0.6288169815310627,0.2812499912109377,0.164182136659386,0.3580830364671288
0.028,0.4,2.5,110.47851248517595,97.99883743162631,FAIL,36.82617082839199,0.4021896853081129,0.2812499912109377,0.08592309504021561,0.25645425718642206
0.029,0.1,2.5,92.94853665338178,98.006066739523,FAIL,30.98284555112726,0.9067010250429601,0.24999999218750013,0.25418682483838406,0.4702959473562814
0.029,0.2,2.5,98.75459740698776,98.00373422647552,FAIL,32.91819913566258,0.7439220565227221,0.24999999218750013,0.19845660323336572,0.39745955064786265
0.029,0.3,2.5,105.96189783428017,98.00029769597224,FAIL,35.320632611426724,0.5040970783886383,0.24999999218750013,0.12927640222746198,0.29445782426786676
0.029,0.4,2.5,114.47350429057155,97.99723156574952,FAIL,38.15783476352385,0.2901212056534978,0.24999999218750013,0.047576651888264015,0.19589928324308728
0.03,0.1,2.5,96.15332912091392,98.00498694327791,FAIL,32.05110970697131,0.8313453398186487,0.21874999316406268,0.2234252117597171,0.42450684824747614
0.03,0.2,2.5,102.15089138414108,98.00206729320664,FAIL,34.05029712804703,0.6275918699061745,0.21874999316406268,0.16585683826104944,0.3373995671104289
0.03,0.3,2.5,109.61405382491952,97.99848694515028,FAIL,36.53801794163984,0.3777303035648899,0.21874999316406268,0.09422071277949731,0.23023366983614998
0.03,0.4,2.5,118.47883774097666,97.99580405023536,FAIL,39.492945913658886,0.19049925361761472,0.21874999316406268,0.00913094312532436,0.13946006330233393
0.031,0.1,2.5,99.36801816944448,98.0035797952372,FAIL,33.12267272314816,0.7331447716079872,0.18749999414062513,0.1925686050742694,0.37107112360762723
0.031,0.2,2.5,105.56219208740956,98.000273517737,FAIL,35.18739736246985,0.5024097531251794,0.18749999414062513,0.13311302929617877,0.2743409255206611
0.031,0.3,2.5,113.28125174608506,97.99677725261216,FAIL,37.76041724869502,0.2584160780173757,0.18749999414062513,0.05902064142490683,0.16831223786096924
0.032,0.1,2.5,102.59188549502736,98.00194898880822,FAIL,34.197295165009116,0.6193357669164202,0.15624999511718757,0.16162389951494077,0.31240322051618286
0.032,0.2,2.5,108.98787246137496,97.99848007385955,FAIL,36.32929082045832,0.3772507771513664,0.15624999511718757,0.10023119521091144,0.2112439891598218
0.032,0.3,2.5,116.962673313861,97.99528565391168,FAIL,38.987557771287,0.15432195594084397,0.15624999511718757,0.02368404256720034,0.11141866454174397
0.033,0.1,2.5,105.82389975185308,98.00020893307064,FAIL,35.27463325061769,0.49790258632331624,0.12499999609375001,0.13060099458725663,0.25116785900144095
0.033,0.2,2.5,112.42701883390644,97.99681154247877,FAIL,37.475672944635484,0.2608090631810085,0.12499999609375001,0.06722010600481965,0.15100972175985938
0.034,0.1,2.5,109.06278336281082,97.99847656536492,FAIL,36.35426112093694,0.37700593001647514,0.09374999707031245,0.09951215327958829,0.1900893601221253
0.034,0.2,2.5,115.8785072108934,97.99538177893588,FAIL,38.6261690702978,0.1610302280789494,0.09374999707031245,0.0340905504800754,0.09629025854311242
0.035,0.1,2.5,112.30705838576446,97.9968633668944,FAIL,37.43568612858815,0.2644257310193112,0.0624999980468749,0.06837156180979699,0.1317657636253277
0.035,0.2,2.5,119.34105032935916,97.99428665126828,FAIL,39.78035010978639,0.084604609658043,0.0624999980468749,0.0008548845960796173,0.049319830766999175
0.036,0.1,2.5,115.55506616972538,97.99546803286296,FAIL,38.51835538990846,0.16704962646815663,0.031249999023437558,0.037195140952928585,0.07849825548150759
0.037,0.1,2.5,118.80495779068936,97.9943701820617,FAIL,39.60165259689645,0.09043396885794458,0.0,0.006000637844064576,0.03214486890066972
